panel,method,sparsity_pct,relative_accuracy_change_pct
first,TiltDiff,0,-0.000000
first,TiltDiff,1,-2.316457
first,TiltDiff,2,-4.041007
first,TiltDiff,3,-5.461662
first,TiltDiff,4,-6.726291
first,TiltDiff,5,-7.910815
first,TiltDiff,6,-9.054211
first,TiltDiff,7,-10.176491
first,TiltDiff,8,-11.287930
first,TiltDiff,9,-12.393803
first,TiltDiff,10,-13.496818
first,SANE_sub,0,0.000000
first,SANE_sub,1,-0.689230
first,SANE_sub,2,-1.903869
first,SANE_sub,3,-4.750981
first,SANE_sub,4,-6.933768
first,SANE_sub,5,-10.274393
first,SANE_sub,6,-12.600736
first,SANE_sub,7,-14.001623
first,SANE_sub,8,-15.366999
first,SANE_sub,9,-16.797563
first,SANE_sub,10,-18.298747
all,TiltDiff,0,-0.000000
all,TiltDiff,1,-3.660816
all,TiltDiff,2,-6.392723
all,TiltDiff,3,-8.561219
all,TiltDiff,4,-10.387988
all,TiltDiff,5,-12.007490
all,TiltDiff,6,-13.501278
all,TiltDiff,7,-14.918816
all,TiltDiff,8,-16.290106
all,TiltDiff,9,-17.633346
all,TiltDiff,10,-18.959572
all,SANE_sub,0,0.000000
all,SANE_sub,1,-0.954654
all,SANE_sub,2,-3.262825
all,SANE_sub,3,-8.061424
all,SANE_sub,4,-10.714599
all,SANE_sub,5,-14.270101
all,SANE_sub,6,-16.797188
all,SANE_sub,7,-18.398113
all,SANE_sub,8,-19.963490
all,SANE_sub,9,-21.594054
all,SANE_sub,10,-23.295239
